ImageID,0,1,2,3,4,5,6,7,8,9,10,11,12,13,14,15,16,17
cbc5c6e168e63498590db46022617123f1fe1268.jpg,0.059434566646814346,0.05380675941705704,0.05401168391108513,0.05643177777528763,0.05086144432425499,0.05348833650350571,0.05547447130084038,0.056942690163850784,0.05759754404425621,0.05894101411104202,0.05468073487281799,0.058757759630680084,0.05471817031502724,0.05364931374788284,0.05426337197422981,0.05437331646680832,0.05611925199627876,0.056447725743055344
0e72482bf56b3581c081f7da2a6180b8792c7089.jpg,0.05725245550274849,0.05498200282454491,0.053302787244319916,0.056895460933446884,0.057968731969594955,0.055079590529203415,0.054213184863328934,0.05512204393744469,0.057923272252082825,0.057768721133470535,0.05527455359697342,0.05777055770158768,0.05450038984417915,0.05533474311232567,0.056109439581632614,0.05265609920024872,0.053034186363220215,0.05481170490384102
b549040c49190cedc41327748aeb197c1670f14d.jpg,0.05926206707954407,0.054589711129665375,0.05280598625540733,0.056576285511255264,0.04976673796772957,0.053240541368722916,0.055050328373909,0.05608781799674034,0.05929318815469742,0.05975482612848282,0.054960742592811584,0.05876467004418373,0.054629672318696976,0.05400669202208519,0.05496911332011223,0.053709328174591064,0.0566796213388443,0.055852703750133514
4f9cb2a045c6d5b9e50ad3459ea7b791eb6e18bc.jpg,0.05751863494515419,0.05464896559715271,0.05397089198231697,0.0559907965362072,0.0536460317671299,0.05479172617197037,0.05493900552392006,0.0563511922955513,0.05638508126139641,0.05731615051627159,0.0574144572019577,0.05594869703054428,0.05491432920098305,0.053703345358371735,0.055230289697647095,0.05724943429231644,0.05634286254644394,0.05363810434937477
248428d9a4a5b6229a7081c32851b90cb8d38d0c.jpg,0.05897638574242592,0.05363381654024124,0.052047356963157654,0.056832294911146164,0.05434122681617737,0.05616512522101402,0.05700119584798813,0.0543646477162838,0.05726057291030884,0.057023786008358,0.05460464209318161,0.05958850309252739,0.05604613944888115,0.052032385021448135,0.0538017712533474,0.05436018854379654,0.05691230297088623,0.05500767007470131
7953c2e6e983bad91b89a0e4ad7eb69e6e43e56b.jpg,0.05865068733692169,0.05486146733164787,0.05272989720106125,0.05694829300045967,0.05632898584008217,0.055807679891586304,0.056005820631980896,0.05411895364522934,0.05764259397983551,0.056907545775175095,0.05504374951124191,0.05817587673664093,0.053975362330675125,0.053412020206451416,0.05499598756432533,0.05456956475973129,0.05505477264523506,0.05477070435881615
1903db7dcc1262d0441677afa422e6a8371e5b37.jpg,0.05833224579691887,0.055307842791080475,0.053622011095285416,0.05662548914551735,0.057753968983888626,0.052458323538303375,0.05380053073167801,0.056468501687049866,0.056579262018203735,0.05714993178844452,0.056806664913892746,0.05788625404238701,0.05471346527338028,0.056204404681921005,0.054802052676677704,0.053750284016132355,0.05278489738702774,0.054953962564468384
441419a874f4d031cd576850b68539ca7d35bedf.jpg,0.057887010276317596,0.053742799907922745,0.05287523940205574,0.05469193309545517,0.05765273794531822,0.05435902997851372,0.05568588897585869,0.05382157117128372,0.05753433331847191,0.05636513978242874,0.05557803437113762,0.059425726532936096,0.056107573211193085,0.05334509164094925,0.05704793334007263,0.05507441610097885,0.05398174747824669,0.05482373759150505
388856cd1ef99b1918273a827a75f2aff2478321.jpg,0.058860696852207184,0.05210859701037407,0.05318380892276764,0.05659375339746475,0.05627194419503212,0.05517761781811714,0.05623921751976013,0.053631093353033066,0.058101437985897064,0.05571461468935013,0.05464229732751846,0.06007282808423042,0.05446392670273781,0.05529099330306053,0.05734570324420929,0.0533883199095726,0.05453190952539444,0.05438120290637016
795ba8ccc769a3f9da6a897f75df6706b729345b.jpg,0.05681564286351204,0.05479641631245613,0.05387293919920921,0.057134903967380524,0.060822173953056335,0.05465327203273773,0.05538560450077057,0.054397765547037125,0.05689988285303116,0.05779018625617027,0.05366145819425583,0.058897715061903,0.05485756695270538,0.05504212528467178,0.057594578713178635,0.052845582365989685,0.051352135837078094,0.05318014323711395
9028e8c54f80096bf4e43390caf003f64c90e5ce.jpg,0.05856317654252052,0.05500664561986923,0.05341962352395058,0.0562821626663208,0.05209695175290108,0.05308430269360542,0.05640518292784691,0.054933223873376846,0.05783795937895775,0.05810965225100517,0.05566612631082535,0.057823289185762405,0.05444333329796791,0.05443687364459038,0.053868409246206284,0.054569438099861145,0.05789738520979881,0.0555562898516655
78900cfc8a2bb5cb69c60bdef92b173a8a48c8ec.jpg,0.05834464356303215,0.0519728884100914,0.053761787712574005,0.05544896051287651,0.054490119218826294,0.05687900632619858,0.0555904358625412,0.05627407133579254,0.057885799556970596,0.05730864778161049,0.05534057319164276,0.05916900187730789,0.05496466904878616,0.054050855338573456,0.056405387818813324,0.052968427538871765,0.0531633235514164,0.055981364101171494
cba23bf8b02a8ddc470db8799fef62220819737e.jpg,0.05843678116798401,0.05359717085957527,0.05265989899635315,0.056474871933460236,0.05149977281689644,0.05527009442448616,0.05715588107705116,0.057272911071777344,0.05770166590809822,0.057514581829309464,0.05531863495707512,0.059290561825037,0.053898535668849945,0.05448257178068161,0.05527283251285553,0.05391967296600342,0.05487130582332611,0.05536230653524399
d3921eae9f9a45d89f0bd1ea0e71354178481245.jpg,0.05781255289912224,0.05351406708359718,0.05358724668622017,0.0559658445417881,0.05553663149476051,0.05460145324468613,0.05563197657465935,0.05498487502336502,0.05684052035212517,0.05924329534173012,0.054182831197977066,0.058818742632865906,0.054887477308511734,0.05561833456158638,0.05599441006779671,0.05451929196715355,0.054229386150836945,0.0540311299264431
4d796a1ccf67a49c465e2b6b79a2caf8228adbca.jpg,0.057887446135282516,0.054268233478069305,0.05294199287891388,0.05646500363945961,0.05720920488238335,0.05544827878475189,0.05577041953802109,0.052719585597515106,0.05848459154367447,0.05738931894302368,0.05520571768283844,0.058243297040462494,0.054389454424381256,0.05465412139892578,0.055715929716825485,0.054170675575733185,0.05309486389160156,0.055941857397556305
69ad31adcc3e6e8de7af886e970233fa61699045.jpg,0.057959165424108505,0.05326457321643829,0.053402721881866455,0.056037746369838715,0.05641551315784454,0.05651896819472313,0.05660124868154526,0.05387385934591293,0.06007782369852066,0.0569659024477005,0.0545344315469265,0.059864915907382965,0.054847199469804764,0.05397893115878105,0.05521790310740471,0.05244242027401924,0.0526345819234848,0.05536213144659996
b1b1aa65544324d9ebc89b3deb4a714f4d1d7ea3.jpg,0.05820615962147713,0.05449536442756653,0.052871108055114746,0.056677691638469696,0.056407492607831955,0.05604879930615425,0.05545106530189514,0.055040787905454636,0.05865783989429474,0.05697135254740715,0.05441949889063835,0.057840947061777115,0.055146437138319016,0.05482317879796028,0.055959541350603104,0.05232270807027817,0.05359748378396034,0.05506255477666855
6aa8e1282c5303e18101e3dede784dd1f5c076a0.jpg,0.05757061019539833,0.055279746651649475,0.053507279604673386,0.057328756898641586,0.05722406879067421,0.05295577645301819,0.056637734174728394,0.05397743731737137,0.05766979232430458,0.05798017978668213,0.05455461144447327,0.05814787745475769,0.0537533201277256,0.055774543434381485,0.05735566467046738,0.05321076512336731,0.051626354455947876,0.05544546991586685
7665a0a126eec039d2c8baf9c6eedc004738c128.jpg,0.05886390805244446,0.05414096638560295,0.051965463906526566,0.05716283991932869,0.05230095610022545,0.053901318460702896,0.057532086968421936,0.05576059967279434,0.05853357911109924,0.05679459497332573,0.05762340500950813,0.0588422566652298,0.05437309294939041,0.054102443158626556,0.054999351501464844,0.05287301540374756,0.05465058982372284,0.055579546838998795
91598d7dad0122459e004ecd8a4e745acbd63101.jpg,0.058623313903808594,0.05573136359453201,0.05194995924830437,0.0565602146089077,0.05501340702176094,0.05401318147778511,0.05688180774450302,0.05471879243850708,0.0581403486430645,0.058001559227705,0.05539204180240631,0.05819428712129593,0.052576836198568344,0.05430429428815842,0.05622449517250061,0.05387048050761223,0.053868625313043594,0.05593499541282654
d352bb22eca23e75e710b427ae831a867dd37bfb.jpg,0.05685895308852196,0.052918143570423126,0.050935354083776474,0.05815872177481651,0.05057530105113983,0.05389951542019844,0.054835714399814606,0.05817842110991478,0.05774421989917755,0.05697885528206825,0.05698534473776817,0.0576886385679245,0.05416906252503395,0.053991395980119705,0.05633782595396042,0.05589773878455162,0.05581502988934517,0.05803178995847702
0401671e6a939afe97d6c30bc820fbfe9519286a.jpg,0.058673422783613205,0.05301137641072273,0.05288149416446686,0.05557624623179436,0.057169534265995026,0.055269964039325714,0.056070733815431595,0.05446873977780342,0.05818420276045799,0.05742037668824196,0.05584392696619034,0.058589912950992584,0.05495954677462578,0.05359404906630516,0.05672527477145195,0.05311061441898346,0.05372367799282074,0.054726969450712204
6ed93c0c3aa7ca9f0bb7e6b53a99aaa0a3609d50.jpg,0.05719512328505516,0.05395329371094704,0.052572570741176605,0.057230617851018906,0.05401831492781639,0.05397516116499901,0.05440259352326393,0.055475447326898575,0.05798908323049545,0.05960889533162117,0.05678282678127289,0.05801874399185181,0.05445227771997452,0.05459430068731308,0.05695928633213043,0.05418453365564346,0.05386027321219444,0.05472669005393982
50dda278ed4e5c43ab5a99592808f11027afa240.jpg,0.05947533994913101,0.054218582808971405,0.051298655569553375,0.05626940354704857,0.05215475708246231,0.05571746081113815,0.05596908926963806,0.05747716873884201,0.05663581192493439,0.05958288162946701,0.055187199264764786,0.057194411754608154,0.05433815345168114,0.05204368382692337,0.05482230708003044,0.05481543391942978,0.05741855129599571,0.055381014943122864
5ca8adbab5a39b3c7e725782f98d199202c589dc.jpg,0.056344397366046906,0.054821036756038666,0.054361533373594284,0.05683514103293419,0.05790172889828682,0.055408403277397156,0.05624218285083771,0.053839899599552155,0.05745787173509598,0.056543074548244476,0.0548643097281456,0.05817652493715286,0.05400173366069794,0.05560741201043129,0.05700638145208359,0.05357672646641731,0.05139356106519699,0.05561806634068489
a945a8c50f05708c42839692219bd1963672154a.jpg,0.05752752721309662,0.05402487888932228,0.052681904286146164,0.055736739188432693,0.057483721524477005,0.05566705763339996,0.055384088307619095,0.05441926792263985,0.05865006148815155,0.05667000636458397,0.05501868575811386,0.059010427445173264,0.05425376072525978,0.05533185228705406,0.05653902888298035,0.05337289720773697,0.05374889820814133,0.0544792003929615
359acb7465396d70b6957be3a4cd503a7aa8b5de.jpg,0.059989430010318756,0.05233146250247955,0.05488651990890503,0.055764153599739075,0.05030148848891258,0.05305566266179085,0.05643294379115105,0.05581206828355789,0.056913476437330246,0.05816604569554329,0.05729028955101967,0.05761465057730675,0.05616883188486099,0.051420554518699646,0.05486622825264931,0.05549446865916252,0.05679125338792801,0.0567004419863224
b188cd918519b3dc486ec7a0b04d268f6f262021.jpg,0.05581501126289368,0.055380623787641525,0.053695425391197205,0.05589733272790909,0.06035115569829941,0.05476132780313492,0.05543852970004082,0.05361374467611313,0.05717596039175987,0.05712197348475456,0.05500311776995659,0.058486208319664,0.056209392845630646,0.053710099309682846,0.05718670040369034,0.05369659513235092,0.053120654076337814,0.05333621799945831
0abc5c0454095bf4519bd5c1fcbc0924fbce65d2.jpg,0.05790145695209503,0.05427940934896469,0.053799599409103394,0.055516455322504044,0.05722063407301903,0.055196672677993774,0.05483659729361534,0.053973328322172165,0.05842802673578262,0.058005962520837784,0.05487354099750519,0.05796663463115692,0.0546199306845665,0.05618331581354141,0.05548420920968056,0.05347977206110954,0.05279359966516495,0.05544079467654228
14e53aafa9cc2e32f1dc10b83c5183488e0cb080.jpg,0.05865428224205971,0.0529174879193306,0.05344502627849579,0.055912334471940994,0.05600564926862717,0.055282577872276306,0.05541203171014786,0.053898949176073074,0.057222168892621994,0.05622587352991104,0.05576391890645027,0.05981988087296486,0.05585741251707077,0.05466010421514511,0.054805610328912735,0.054171837866306305,0.05451914668083191,0.055425722151994705
27aaee870ff9b03c23d6b9f163aba027a06032c6.jpg,0.05778283625841141,0.05461294203996658,0.053060125559568405,0.05582285299897194,0.059293344616889954,0.055714208632707596,0.055913303047418594,0.054601218551397324,0.05677951127290726,0.05799805745482445,0.05473857745528221,0.057950858026742935,0.05513546243309975,0.054695986211299896,0.05535423755645752,0.0531463585793972,0.05296247452497482,0.05443763732910156
fa025619390a5097dafb1fe3601dc6dec4644bce.jpg,0.05767152085900307,0.0540161207318306,0.053749632090330124,0.05620585381984711,0.05739324539899826,0.056335337460041046,0.05594782903790474,0.05390147864818573,0.059745196253061295,0.05632973834872246,0.05421316251158714,0.059635039418935776,0.0539495125412941,0.054135844111442566,0.05587264522910118,0.05290982872247696,0.053232453763484955,0.054755568504333496
c9ba7099501f4088602606671dd71fd76a2adee5.jpg,0.05739644169807434,0.054669030010700226,0.05416227504611015,0.056220490485429764,0.06130777299404144,0.05492905154824257,0.05579112470149994,0.05310209095478058,0.05738387256860733,0.05655406787991524,0.05358705669641495,0.059909388422966,0.05504373461008072,0.05411174148321152,0.055989451706409454,0.053110651671886444,0.05355743691325188,0.05317433923482895
4702037fc73744daef1a4a6253895886f86808b8.jpg,0.05808296054601669,0.053057048469781876,0.05263914167881012,0.05678722262382507,0.05707733333110809,0.05447140336036682,0.056282464414834976,0.05427686497569084,0.05927624925971031,0.056463003158569336,0.05457860976457596,0.059228427708148956,0.05542679876089096,0.053845129907131195,0.055807314813137054,0.053608015179634094,0.05345736816525459,0.05563465505838394
e7d4a815cbf2dd60aaf5f764be67f656cf7e5b19.jpg,0.05655474215745926,0.0546722412109375,0.05329243838787079,0.055622294545173645,0.06186234951019287,0.05246904492378235,0.05353698879480362,0.05539265647530556,0.05678168684244156,0.059884026646614075,0.05412667244672775,0.05628468841314316,0.05332816764712334,0.054524898529052734,0.055748350918293,0.056688014417886734,0.05325974151492119,0.05597102642059326
c9649b4efc18ea0e1d6e16bd23cb8ccddfaf0d0b.jpg,0.057901058346033096,0.05398917570710182,0.0533839575946331,0.055045150220394135,0.05666297674179077,0.05599938705563545,0.05565159395337105,0.053082458674907684,0.056839194148778915,0.05766087397933006,0.05576837807893753,0.05930629000067711,0.05575297400355339,0.054784003645181656,0.056626006960868835,0.053247641772031784,0.052733875811100006,0.05556509643793106
0906805463eda250aedc1c43e4db25075c1244be.jpg,0.05676768347620964,0.054237522184848785,0.05408337712287903,0.05641810968518257,0.058011867105960846,0.05532819777727127,0.05488821491599083,0.05495007708668709,0.05749457702040672,0.056773826479911804,0.054800037294626236,0.057845521718263626,0.05557839572429657,0.055525653064250946,0.057188209146261215,0.052933335304260254,0.05353851616382599,0.0536368303000927
acfb5e9c18ede13e4cdc7da0a15db777a490d782.jpg,0.05786053463816643,0.055546972900629044,0.05227714404463768,0.056469328701496124,0.05398070067167282,0.05477774888277054,0.05464637279510498,0.056560806930065155,0.05822967365384102,0.05755659192800522,0.05628768354654312,0.058218229562044144,0.0541231706738472,0.05507510527968407,0.05592406541109085,0.05332443490624428,0.053610388189554214,0.05553102120757103
d67f11372df1ff081aa8437da1acf73419a85782.jpg,0.05610835552215576,0.05531756579875946,0.05250921845436096,0.05652330070734024,0.05226385220885277,0.05304817110300064,0.055717650800943375,0.05567367374897003,0.05584730952978134,0.05746864154934883,0.05635128170251846,0.05827193707227707,0.05548246204853058,0.05420815199613571,0.05525121092796326,0.05633137747645378,0.05724302679300308,0.05638287961483002
53599d652f6253baa02940b895620f147a2327f7.jpg,0.05699688941240311,0.05544126033782959,0.053672708570957184,0.0541648343205452,0.059318143874406815,0.055581510066986084,0.054676398634910583,0.05551184341311455,0.055619996041059494,0.05762277543544769,0.054823752492666245,0.05934916064143181,0.05581533536314964,0.0540582574903965,0.057133667171001434,0.05368993431329727,0.05259118601679802,0.05393240228295326
c4b59a685cbb0bf9a275f6f757e509eb47e3b97b.jpg,0.05698337033390999,0.05406033620238304,0.05326792225241661,0.05665506049990654,0.06193485110998154,0.05502469465136528,0.055525317788124084,0.053525783121585846,0.05771258845925331,0.05713886022567749,0.054511431604623795,0.05706098675727844,0.05448633059859276,0.0540475957095623,0.055234529078006744,0.05395222082734108,0.05376904457807541,0.055109087377786636
0da2dac9da3f797adfbdeaed999d54935a0a1020.jpg,0.05777260661125183,0.053548067808151245,0.0523027665913105,0.05595828592777252,0.055047839879989624,0.054812874644994736,0.0547260157763958,0.055250417441129684,0.058472272008657455,0.056969113647937775,0.05658029764890671,0.05949626490473747,0.05517558380961418,0.05624108389019966,0.056050486862659454,0.053220946341753006,0.053013697266578674,0.05536133423447609
69a10709d7deff24b620309cab49766fe5054f2c.jpg,0.05943401902914047,0.05430278554558754,0.05242529511451721,0.05641847848892212,0.05197543278336525,0.05320632457733154,0.05602879822254181,0.05560826510190964,0.05864802002906799,0.05808890238404274,0.05672638118267059,0.05871269479393959,0.05481467768549919,0.05496104061603546,0.05488728731870651,0.053424540907144547,0.054157715290784836,0.056179359555244446
4d72365135eb4bee184687ebc0493304b70da612.jpg,0.05727599561214447,0.05407463759183884,0.05252672731876373,0.05718935281038284,0.054006483405828476,0.0538809597492218,0.05464683473110199,0.056077100336551666,0.056154392659664154,0.05838111788034439,0.05570234730839729,0.059812143445014954,0.05593113601207733,0.05620330572128296,0.05624983832240105,0.05357591435313225,0.053699977695941925,0.05461171641945839
c6103af816b1b84dda25210c3f297e69a498735d.jpg,0.058576494455337524,0.05393523350358009,0.052804652601480484,0.054737769067287445,0.057202525436878204,0.054849643260240555,0.0553269125521183,0.055300887674093246,0.057926613837480545,0.057377878576517105,0.05613851919770241,0.05951206758618355,0.0560833178460598,0.05329087749123573,0.05633839592337608,0.05232803896069527,0.05224555730819702,0.05602458119392395
a045a778e75e40e50e3a0d3baa372c527b095bcf.jpg,0.0567493699491024,0.05239586904644966,0.05407128483057022,0.05663855001330376,0.05887807160615921,0.05533682182431221,0.05510032922029495,0.05433139204978943,0.05798149108886719,0.05670023337006569,0.05501851066946983,0.05939099192619324,0.05494203045964241,0.055435799062252045,0.05699266865849495,0.052562814205884933,0.053584422916173935,0.05388939380645752
26402638752e33697f3f2b12028853f8f39d7abb.jpg,0.05929937958717346,0.053498703986406326,0.0532023124396801,0.05568794906139374,0.058220479637384415,0.05717508867383003,0.05728347972035408,0.055908266454935074,0.05778294801712036,0.05572851374745369,0.0531744621694088,0.058658428490161896,0.053737301379442215,0.05524318292737007,0.05575022101402283,0.05308173969388008,0.05133964493870735,0.055227868258953094
d22e1488b1e853a1882ba4d5ed0357e872b4dbd2.jpg,0.057433612644672394,0.054552044719457626,0.05266975611448288,0.05640256777405739,0.05873623862862587,0.054779842495918274,0.05551570653915405,0.05433937907218933,0.057022545486688614,0.058097660541534424,0.05448209494352341,0.057833559811115265,0.055131055414676666,0.05552299693226814,0.05548149347305298,0.05400027707219124,0.052448295056819916,0.055550914257764816
954ba125374aa55139e313e3f8d5428ad16d1218.jpg,0.05796501040458679,0.05582058057188988,0.053974270820617676,0.05405677482485771,0.05925246700644493,0.05500246211886406,0.053791750222444534,0.05567767098546028,0.05462921783328056,0.05723922699689865,0.055920109152793884,0.058466434478759766,0.05545583367347717,0.05440342798829079,0.05763142183423042,0.053696420043706894,0.05299088731408119,0.05402602627873421
999d9b0ea9f6e9be5bfe05f9bc1970ae1cb94ae2.jpg,0.05956218019127846,0.05599592626094818,0.05189446359872818,0.05612185597419739,0.05659293755888939,0.055729836225509644,0.054983947426080704,0.05507654696702957,0.05864157900214195,0.0574340894818306,0.05636155977845192,0.057341184467077255,0.05419759079813957,0.05408671498298645,0.05640178546309471,0.05182468146085739,0.052554525434970856,0.05519864708185196
7e210495c2b188be33d5a385f8ce1265b0697935.jpg,0.05688231810927391,0.05202847346663475,0.05379454791545868,0.05534178018569946,0.05570065975189209,0.05524853244423866,0.05573134869337082,0.054303526878356934,0.05796583369374275,0.05692983418703079,0.055531095713377,0.05952204018831253,0.05576896294951439,0.055737800896167755,0.056179478764534,0.05458301305770874,0.05475172773003578,0.05399902164936066
52d5422595abce4bfec2a5da7d9ad0918ba79030.jpg,0.05689161643385887,0.05398762226104736,0.05346914380788803,0.05767107382416725,0.053711194545030594,0.05453651398420334,0.05672081559896469,0.056266553699970245,0.0584372878074646,0.05620710179209709,0.05593675374984741,0.05792028084397316,0.0546610951423645,0.054558441042900085,0.05467109754681587,0.054016049951314926,0.054369937628507614,0.05596746504306793
6d2979fe1606e576ee88091de8d6d59aeac5d2b7.jpg,0.05761600658297539,0.05390428379178047,0.05299616977572441,0.05583607032895088,0.05681746453046799,0.056179266422986984,0.05682798847556114,0.05422058701515198,0.058066800236701965,0.05691860243678093,0.05483255907893181,0.05976323038339615,0.05443885549902916,0.05426622927188873,0.05726772919297218,0.053066786378622055,0.05195881798863411,0.05502257123589516
3143f6f6245d690d1350b4982714cdb35c717a66.jpg,0.05766582489013672,0.05479481816291809,0.0520155243575573,0.05606720969080925,0.05727647244930267,0.05620977655053139,0.055387575179338455,0.05538834258913994,0.05753800645470619,0.05666983872652054,0.054309602826833725,0.058512333780527115,0.056511204689741135,0.05412573739886284,0.0571378730237484,0.053252093493938446,0.052197154611349106,0.054940588772296906
f598446f60a9c89e762d59f5d08799e949f7b5d7.jpg,0.058996301144361496,0.05491156503558159,0.052149754017591476,0.0545782670378685,0.05919546261429787,0.05492688715457916,0.05513124540448189,0.053043656051158905,0.056511040776968,0.05823982506990433,0.05312409996986389,0.05792622268199921,0.05590960755944252,0.054342497140169144,0.05584593117237091,0.05519307032227516,0.05466640368103981,0.055308159440755844
beeca5084fcbf1ff137be0155591486630d0989c.jpg,0.059065867215394974,0.05358707532286644,0.05183296650648117,0.056097254157066345,0.05529334768652916,0.05512082949280739,0.0559479296207428,0.05344013124704361,0.05945347994565964,0.05716162547469139,0.05543232336640358,0.06036502495408058,0.05598820745944977,0.052949078381061554,0.05701341852545738,0.05224992334842682,0.053466252982616425,0.05553533509373665
382ed31ab97cec6ba52051a1af0686bfd632971a.jpg,0.058170296251773834,0.054165225476026535,0.052970100194215775,0.055138248950242996,0.056020911782979965,0.05405549705028534,0.05415608361363411,0.05407024547457695,0.05811816826462746,0.05705002322793007,0.05580936372280121,0.059264764189720154,0.05462803691625595,0.0561702586710453,0.05663025379180908,0.054598744958639145,0.054288435727357864,0.05469542369246483
5a09856a362270de5770bf6a081a25c5f92a5f42.jpg,0.058193739503622055,0.05368947610259056,0.05372380465269089,0.05497269332408905,0.05948257818818092,0.054945118725299835,0.05469375476241112,0.05472209304571152,0.056904569268226624,0.05708623677492142,0.056417327374219894,0.05867903307080269,0.054976727813482285,0.05389603599905968,0.05680707097053528,0.053281303495168686,0.05266442149877548,0.05486397445201874
46aeff0a8d26d074bf0e2c49bb91194af41ea717.jpg,0.055927593261003494,0.05435333773493767,0.05330101028084755,0.057243600487709045,0.05536259338259697,0.05542793124914169,0.055244941264390945,0.05627134069800377,0.05822303518652916,0.05863209813833237,0.05471692234277725,0.058867186307907104,0.052514296025037766,0.054765474051237106,0.05665377527475357,0.05417501553893089,0.05456238240003586,0.05375754088163376
55b432a274f910906b7d48e766762e9278fbfaa4.jpg,0.05844734609127045,0.05468463525176048,0.052595533430576324,0.05638055130839348,0.05624479800462723,0.05418433994054794,0.05609985068440437,0.05674932152032852,0.05785757675766945,0.05756775662302971,0.056820739060640335,0.05835627764463425,0.05497200787067413,0.05209730938076973,0.05668190121650696,0.05270311236381531,0.05238641798496246,0.05517052114009857
01ed60df34a15534443de81f062bfcdd9b373f8b.jpg,0.060948874801397324,0.0535157285630703,0.05104785040020943,0.054199568927288055,0.056251052767038345,0.05363352596759796,0.05812487006187439,0.055188797414302826,0.056713249534368515,0.05946650356054306,0.055537186563014984,0.0564759224653244,0.05496101453900337,0.054296087473630905,0.054584845900535583,0.05451160669326782,0.05424195155501366,0.056301385164260864
35fb9aa3d63a0387dbad91e5d01a50a0e3c0bfb6.jpg,0.057915959507226944,0.05361754819750786,0.05259643495082855,0.055721964687108994,0.05659755319356918,0.05469166859984398,0.05631884187459946,0.05520031228661537,0.05611160397529602,0.058103643357753754,0.0548379048705101,0.05828992649912834,0.05545810982584953,0.054574914276599884,0.05616901069879532,0.05500849336385727,0.05309697985649109,0.055689141154289246
d8c5517ee11a8a22388cfca4dc0430f4df35cd75.jpg,0.05829790234565735,0.05504685640335083,0.05338394641876221,0.05539273843169212,0.05868734046816826,0.05534476041793823,0.056153155863285065,0.054250698536634445,0.05757910758256912,0.05682870000600815,0.05509127676486969,0.05832601338624954,0.05521410331130028,0.05398157238960266,0.05475558340549469,0.053671833127737045,0.05301183462142944,0.05498259514570236
7d95e4583e6731b838b2168f2ab87cee756a3d92.jpg,0.057612717151641846,0.053046610206365585,0.053010646253824234,0.055578868836164474,0.05153060704469681,0.054922863841056824,0.05666599050164223,0.05669018253684044,0.05699002742767334,0.058801792562007904,0.055384472012519836,0.05684743821620941,0.05522138997912407,0.0533163920044899,0.054941434413194656,0.054451897740364075,0.056807760149240494,0.058178845793008804
e2e773463872aefd06570bd721b3551deaf5a0fc.jpg,0.057360514998435974,0.054622866213321686,0.05332502722740173,0.0558447428047657,0.05908336490392685,0.05507954582571983,0.05528532341122627,0.05410550534725189,0.057444509118795395,0.05799911171197891,0.054556526243686676,0.058017048984766006,0.05430803447961807,0.05597195029258728,0.05591491237282753,0.0538204126060009,0.05180543288588524,0.05545516684651375
cfa25282abbacb39ca5d3f71c2e05089547b8dfe.jpg,0.05904029682278633,0.05209214240312576,0.05295580253005028,0.05517476052045822,0.053633153438568115,0.05655239149928093,0.05622123181819916,0.05816420912742615,0.0557117722928524,0.05860928073525429,0.0557703860104084,0.05766550451517105,0.05389493331313133,0.05363506078720093,0.055895984172821045,0.05389139801263809,0.054613322019577026,0.05647842958569527
100918d93f093cf3100120ab6979ddcf9ec10398.jpg,0.05717337131500244,0.053986843675374985,0.05165084823966026,0.05644958093762398,0.05238313600420952,0.05455075949430466,0.055160705000162125,0.05679299309849739,0.05789532884955406,0.05733545497059822,0.056658774614334106,0.05967643857002258,0.05518065020442009,0.054867468774318695,0.057590071111917496,0.053933147341012955,0.05337277427315712,0.05534161999821663
9a2c80e9510270699259f2e4ae4105d4a2ac4384.jpg,0.059904128313064575,0.05442417412996292,0.05190960690379143,0.05522095784544945,0.056361123919487,0.056874364614486694,0.05466730520129204,0.05618112534284592,0.05946334823966026,0.05609844624996185,0.056322116404771805,0.058953091502189636,0.05499874800443649,0.05233320966362953,0.056316494941711426,0.052582643926143646,0.051924001425504684,0.05546504631638527
04f3341decdf3c64aca46494e2a005ca2e8ea6e9.jpg,0.05733909457921982,0.05500439181923866,0.052247997373342514,0.0559854730963707,0.05768534168601036,0.054672811180353165,0.05642775073647499,0.05505720153450966,0.05824527144432068,0.05736105889081955,0.054602354764938354,0.058608345687389374,0.05618856102228165,0.055397823452949524,0.05500809848308563,0.052473586052656174,0.05315088853240013,0.05454397201538086
4197121c1118aabd0d98469b6b5959490138cef4.jpg,0.05816221237182617,0.05281473696231842,0.052065812051296234,0.056091390550136566,0.05508268252015114,0.05646718293428421,0.056340623646974564,0.055142976343631744,0.05917688459157944,0.05633821710944176,0.05486541986465454,0.059189021587371826,0.05544425547122955,0.05483762174844742,0.055111318826675415,0.053937993943691254,0.05260124057531357,0.05633041262626648
6de97a8265ba303a2f62bc05a43fdc4ffb6ab719.jpg,0.058530572801828384,0.053493596613407135,0.05127141252160072,0.0555291473865509,0.051096830517053604,0.05414988100528717,0.05707243084907532,0.05658096447587013,0.05816521495580673,0.058433469384908676,0.05735393241047859,0.060377929359674454,0.05377962812781334,0.05460607260465622,0.05511392280459404,0.05440293624997139,0.054331324994564056,0.055710747838020325
3086e7dea7b539983a3db16498653f7a6f4d3779.jpg,0.05738265812397003,0.05366240441799164,0.05476854369044304,0.057399410754442215,0.05652270093560219,0.05436686426401138,0.05483289062976837,0.05538397282361984,0.05809986591339111,0.05804205313324928,0.055629100650548935,0.06030864268541336,0.05366082489490509,0.0549139678478241,0.05629749223589897,0.052639950066804886,0.053337447345256805,0.05275111645460129
da61ea92b70a320fe08673a5a393fe831ded46b1.jpg,0.054928507655858994,0.056612949818372726,0.05321191996335983,0.056176744401454926,0.06203872337937355,0.05385847017168999,0.056215010583400726,0.05314844101667404,0.05789344385266304,0.05614329129457474,0.05590613931417465,0.05798639729619026,0.05501048266887665,0.05549683794379234,0.05825163424015045,0.05275962874293327,0.05061784014105797,0.05374351516366005
7ac52fc8518b46ee0f46c4bbee47f75dd86bd4c9.jpg,0.056890275329351425,0.05485035851597786,0.051582131534814835,0.056777384132146835,0.05939552187919617,0.053723230957984924,0.054253436625003815,0.05542633682489395,0.05805719643831253,0.058554258197546005,0.05507831275463104,0.058030370622873306,0.05425480380654335,0.05559241771697998,0.0561317503452301,0.052447352558374405,0.05294989049434662,0.05600491911172867
b9f82f3a05e114e52303e69e107e2bed455c4ea7.jpg,0.057063497602939606,0.055507488548755646,0.05360904708504677,0.05604850500822067,0.058870840817689896,0.053588997572660446,0.05329129844903946,0.054091084748506546,0.05766646936535835,0.05807995796203613,0.05640508979558945,0.058250073343515396,0.05423079431056976,0.05582796409726143,0.05680110305547714,0.05340418964624405,0.05299045518040657,0.05427322909235954
74b5b92a864c29f61e8d2397d16476afa3452401.jpg,0.05828174576163292,0.053940534591674805,0.05172210931777954,0.057434387505054474,0.056992534548044205,0.05513106659054756,0.05565522983670235,0.05520929396152496,0.05724991112947464,0.05735248327255249,0.05528400093317032,0.05770300701260567,0.056756775826215744,0.05351869389414787,0.05464828014373779,0.05332355201244354,0.055531080812215805,0.054265253245830536
e09765a7f088ee5d82a251adb80cd8dfa1ef157f.jpg,0.057533200830221176,0.05247398093342781,0.051763612776994705,0.05581703409552574,0.05906601622700691,0.05564915016293526,0.055547092109918594,0.05253718048334122,0.058235228061676025,0.056558266282081604,0.05489958077669144,0.05989079922437668,0.05574724078178406,0.05425132066011429,0.05811474099755287,0.05240365490317345,0.05436689406633377,0.05514507368206978
a711ce5ee7771ac21c35be99e17c7d58b5a7447a.jpg,0.05642511695623398,0.05282548815011978,0.05413047969341278,0.056904781609773636,0.05708449333906174,0.05353683605790138,0.05526796355843544,0.05479317903518677,0.0580633245408535,0.057698071002960205,0.055892787873744965,0.057566724717617035,0.05503309518098831,0.05645423382520676,0.056406594812870026,0.05342128500342369,0.053334739059209824,0.0551607571542263
d8fc134bfa5cc09f4a67ece5e403470bd2d57e9a.jpg,0.05742315202951431,0.05201314389705658,0.05303790047764778,0.05547929182648659,0.056016068905591965,0.05629495158791542,0.05596795678138733,0.05368054285645485,0.060123831033706665,0.05599864199757576,0.05440350994467735,0.0605643205344677,0.055202119052410126,0.05448993295431137,0.05693382769823074,0.05319536104798317,0.053438954055309296,0.05573645606637001
6263c0f10c00dbda81f006205a0f3082a0bd62bf.jpg,0.05929229408502579,0.05364258214831352,0.052900541573762894,0.05578738451004028,0.055339936167001724,0.05547946318984032,0.056310005486011505,0.054564449936151505,0.057579219341278076,0.05818760022521019,0.05543344467878342,0.05949274078011513,0.054094232618808746,0.05485451966524124,0.054814234375953674,0.053575336933135986,0.0512586273252964,0.05739342421293259
4e8d0b307871f910bfea3a544da6be8e9a65fd2b.jpg,0.05736501142382622,0.05393607169389725,0.053434185683727264,0.05621728673577309,0.05754602327942848,0.055445872247219086,0.05517302453517914,0.054021988064050674,0.05814323574304581,0.057378124445676804,0.05611603707075119,0.05841527879238129,0.05500800907611847,0.054037950932979584,0.05597420036792755,0.0532553493976593,0.05347219854593277,0.05506008863449097
57df36546603b4165c421db4b9e686fcb0eb509e.jpg,0.05771147087216377,0.05379126965999603,0.053877830505371094,0.05636846646666527,0.05719655379652977,0.05556627735495567,0.05556642264127731,0.054361358284950256,0.058696214109659195,0.05700453743338585,0.05491585657000542,0.05872068554162979,0.05392543226480484,0.05560896918177605,0.05671551451086998,0.05285985767841339,0.05280516296625137,0.0543082021176815
22234357d9b91539349bfd348f4efaae53db8eee.jpg,0.058195456862449646,0.05404944345355034,0.053621720522642136,0.05501100420951843,0.05595087260007858,0.05629926547408104,0.05516760051250458,0.05644511431455612,0.056072086095809937,0.058000799268484116,0.055827680975198746,0.059171393513679504,0.056907523423433304,0.053988438099622726,0.055694032460451126,0.05317975580692291,0.05343395471572876,0.052983883768320084
d5179f4cef8aa3b474a9e6cc62adb60b875faa0e.jpg,0.056879814714193344,0.055424731224775314,0.054159700870513916,0.055712711066007614,0.06256003677845001,0.05397970601916313,0.055489640682935715,0.05334854498505592,0.05702068656682968,0.05727380886673927,0.055784448981285095,0.057044342160224915,0.05467669293284416,0.054217252880334854,0.05591507628560066,0.05439338833093643,0.052964307367801666,0.053155139088630676
2dc9be09033d78a890ebbbfa4c1a4a2f637e5fd4.jpg,0.057894330471754074,0.0525149367749691,0.05335520952939987,0.05561104789376259,0.05617895349860191,0.05706390365958214,0.056199606508016586,0.054409459233284,0.05818689614534378,0.05688567832112312,0.05404497683048248,0.05953511968255043,0.055232513695955276,0.05411916226148605,0.0575348399579525,0.05349447950720787,0.052868347615003586,0.05487052723765373
909ecfa0f7cb126731ed7c5d6f960e53164ee5c7.jpg,0.05921681225299835,0.05162959173321724,0.05211383104324341,0.05759182199835777,0.0520789809525013,0.055833443999290466,0.054939765483140945,0.05648445710539818,0.058550022542476654,0.05897430330514908,0.0561353825032711,0.05828544497489929,0.05530301108956337,0.05270174518227577,0.05390274524688721,0.0541110634803772,0.05550055950880051,0.05664695426821709
9b3973f7f97d86acf0ceec48052ae2348df79e4a.jpg,0.0575382374227047,0.05366261303424835,0.053168341517448425,0.055987630039453506,0.05714089050889015,0.05628444626927376,0.055882152169942856,0.05509098991751671,0.05771747976541519,0.05715310201048851,0.05484335497021675,0.058665625751018524,0.05533763766288757,0.05446484684944153,0.05655495449900627,0.05274300277233124,0.05263220891356468,0.055132411420345306
6513a53602dc09afbe293379e0d7e0f9c6af7abe.jpg,0.06073090434074402,0.05141939967870712,0.052345920354127884,0.05606144294142723,0.05170682072639465,0.05347133055329323,0.05580933764576912,0.05576760694384575,0.05730510875582695,0.057992346584796906,0.05590548366308212,0.058783985674381256,0.05514509603381157,0.05235469341278076,0.05494947358965874,0.054977379739284515,0.057895030826330185,0.05737864226102829
f95ad6530f8b53c709f5d8c9526b1384944a3d57.jpg,0.05655783787369728,0.054765693843364716,0.05506506934762001,0.056391797959804535,0.05867714062333107,0.05483826622366905,0.05489384010434151,0.05497792363166809,0.058327119797468185,0.05682505667209625,0.05442698299884796,0.05881510302424431,0.05485985800623894,0.05495968461036682,0.05719937011599541,0.0523020438849926,0.052377719432115555,0.05373946577310562
50a898d2ba3e3e12d482351ef5d766318ec706f5.jpg,0.057005494832992554,0.05321444198489189,0.0529666468501091,0.055970702320337296,0.05926285684108734,0.055210866034030914,0.056682415306568146,0.05314350128173828,0.05874604731798172,0.05656028911471367,0.05503708869218826,0.05918033421039581,0.0555548295378685,0.05362223833799362,0.05696650967001915,0.05296570435166359,0.05385968089103699,0.054050371050834656
c4b50f53423a680325dc552f645b6ca8a54c09d5.jpg,0.05904402583837509,0.052877336740493774,0.051837120205163956,0.05650981515645981,0.049822572618722916,0.05403346195816994,0.05564774200320244,0.05672655627131462,0.05534819886088371,0.05896208435297012,0.056558508425951004,0.06005009263753891,0.05596444383263588,0.05136893689632416,0.05632281303405762,0.0561593733727932,0.055271215736866,0.05749563127756119
4a7eeee4bacfe6a7ab8d1622b75f665f75f4cbac.jpg,0.057835113257169724,0.05340820550918579,0.05201702192425728,0.057247668504714966,0.05332142487168312,0.055336758494377136,0.05525582656264305,0.055804572999477386,0.05850629135966301,0.058166492730379105,0.05591839179396629,0.059246890246868134,0.05443580821156502,0.05385265499353409,0.05626457557082176,0.052992504090070724,0.05383780971169472,0.056551966816186905
5dd22147a58a47f6ce3d2f7c9381c428c78777f2.jpg,0.057521216571331024,0.054856907576322556,0.05310588330030441,0.05595855414867401,0.05813482776284218,0.054060567170381546,0.05520070716738701,0.054976027458906174,0.05749999359250069,0.058546461164951324,0.055093660950660706,0.05690499022603035,0.054571185261011124,0.05573362484574318,0.05625275894999504,0.052704352885484695,0.05291105806827545,0.055967241525650024
a0672e9d66779e64996d4c7247f410c42d753e82.jpg,0.05766057223081589,0.05397266894578934,0.05431382730603218,0.05616388097405434,0.06147986650466919,0.05423964932560921,0.05593862757086754,0.05400184914469719,0.05845794081687927,0.05622856318950653,0.054767925292253494,0.05815151333808899,0.05592580512166023,0.05447353422641754,0.056078117340803146,0.05129731446504593,0.05248232185840607,0.05436601862311363
13a09b402a9bc428c549c8c6dc48a9a67cd888b0.jpg,0.059040676802396774,0.05476853996515274,0.05297145992517471,0.0566549189388752,0.05693403631448746,0.05590762943029404,0.05544473975896835,0.05426585301756859,0.05845338851213455,0.057726990431547165,0.0546455904841423,0.057231586426496506,0.05423480272293091,0.05405529588460922,0.05635978281497955,0.05363782122731209,0.05163518339395523,0.056031715124845505
6503789ae2d9d5faefe78e604b2d770d8470b537.jpg,0.05552557483315468,0.05455704778432846,0.053370147943496704,0.05797440931200981,0.05939755588769913,0.05432525649666786,0.055758923292160034,0.05491973087191582,0.058566708117723465,0.056534916162490845,0.05455855280160904,0.05943254381418228,0.05587243288755417,0.05443642660975456,0.05655890703201294,0.051771700382232666,0.052147477865219116,0.05429160222411156
b6c3810a5830fe5181bb449d3f67980862589075.jpg,0.05804457142949104,0.05448579415678978,0.052793484181165695,0.05652889236807823,0.05919719487428665,0.0544646792113781,0.055265914648771286,0.05387322977185249,0.05776038393378258,0.0566442534327507,0.05499318242073059,0.05796307697892189,0.054701924324035645,0.05704950541257858,0.056081678718328476,0.05387849733233452,0.05226094275712967,0.054012835025787354
5712c652aba34f4ccf3c16b3b2e1d9ca9f4674d3.jpg,0.058203741908073425,0.0551002100110054,0.05244406685233116,0.05696284398436546,0.05611207336187363,0.05402762442827225,0.05561630055308342,0.05574717000126839,0.05855323374271393,0.057276900857686996,0.05652637034654617,0.05777382850646973,0.05490929260849953,0.05374344065785408,0.05550169199705124,0.05253082141280174,0.05393135920166969,0.055039044469594955
e21b1cde9649f89334efa4a173e7e865784a7deb.jpg,0.05898994952440262,0.053151682019233704,0.05162191018462181,0.05702637881040573,0.05157628282904625,0.05460377410054207,0.05601702257990837,0.05657266825437546,0.059514522552490234,0.056636519730091095,0.05699504539370537,0.059894490987062454,0.05401451513171196,0.0546223521232605,0.0566616952419281,0.05265846103429794,0.05318295210599899,0.05625982582569122
94cde3ef6bf7fa424930de397d3a4d54ab3f549c.jpg,0.057195015251636505,0.05362626537680626,0.05310383066534996,0.055401358753442764,0.05954785272479057,0.05623664706945419,0.05511601269245148,0.05495910346508026,0.057678814977407455,0.05861750617623329,0.05447244271636009,0.05845531076192856,0.05566844716668129,0.05298401415348053,0.057022642344236374,0.05264335498213768,0.05309976264834404,0.054171618074178696
